address,name,size,callers,decompiled,clen
006ac410,FUN_006ac410,512,2,1,2735
006ac610,FUN_006ac610,1342,8,1,2919
006acb50,FUN_006acb50,109,0,1,483
006acbc0,FUN_006acbc0,326,0,1,1058
006acd10,FUN_006acd10,1611,1,1,4822
006ad360,FUN_006ad360,378,0,1,1366
006ad4e0,FUN_006ad4e0,633,0,1,2476
006ad760,FUN_006ad760,130,0,1,524
006ad7f0,FUN_006ad7f0,88,0,1,332
006ad850,FUN_006ad850,198,0,1,731
006ad920,FUN_006ad920,88,0,1,332
006ad980,FUN_006ad980,88,0,1,332
006ad9e0,FUN_006ad9e0,91,0,1,332
006ada40,FUN_006ada40,91,0,1,332
006adaa0,FUN_006adaa0,1563,0,1,7457
006ae0c0,FUN_006ae0c0,134,0,1,411
006ae150,FUN_006ae150,66,0,1,191
006ae1a0,FUN_006ae1a0,199,0,1,819
006ae270,FUN_006ae270,155,3,1,545
006ae310,FUN_006ae310,170,3,1,618
006ae3c0,FUN_006ae3c0,83,0,1,354
006ae420,FUN_006ae420,86,0,1,411
006ae480,FUN_006ae480,3496,1,1,11876
006af230,FUN_006af230,86,0,1,411
006af290,FUN_006af290,464,0,1,1522
006af460,FUN_006af460,454,0,1,1566
006af630,FUN_006af630,1489,3,1,4536
006afc10,FUN_006afc10,142,0,1,408
006afca0,FUN_006afca0,598,0,1,2123
006aff00,FUN_006aff00,460,3,1,1701
006b00d0,FUN_006b00d0,351,1,1,1026
006b0230,FUN_006b0230,3797,3,1,8800
006b1110,FUN_006b1110,1837,1,1,5802
006b1840,FUN_006b1840,689,1,1,2269
006b1b00,FUN_006b1b00,627,1,1,2644
006b1d80,FUN_006b1d80,408,1,1,2001
006b1f20,FUN_006b1f20,581,1,1,2223
006b2170,FUN_006b2170,68,0,1,275
006b21c0,FUN_006b21c0,48,0,1,151
006b21f0,FUN_006b21f0,42,0,1,132
006b2220,FUN_006b2220,16,0,1,87
006b2230,FUN_006b2230,46,0,1,178
006b2260,FUN_006b2260,170,0,1,800
006b2310,FUN_006b2310,610,0,1,2285
006b2580,FUN_006b2580,1147,2,1,2848
006b2a00,FUN_006b2a00,240,1,1,612
006b2af0,FUN_006b2af0,68,0,1,277
006b2b40,FUN_006b2b40,1172,1,1,4020
006b2fe0,FUN_006b2fe0,2218,0,1,7074
006b3890,FUN_006b3890,1581,0,1,5115
006b3ec0,FUN_006b3ec0,16,0,1,87
006b3ed0,FUN_006b3ed0,441,3,1,1687
006b4090,FUN_006b4090,488,4,1,1862
006b4280,FUN_006b4280,347,0,1,1206
006b43e0,FUN_006b43e0,224,0,1,826
006b44c0,FUN_006b44c0,52,0,1,185
006b4500,FUN_006b4500,32,0,1,128
006b4520,FUN_006b4520,32,0,1,128
006b4540,FUN_006b4540,32,0,1,128
006b4560,FUN_006b4560,32,0,1,128
006b4580,FUN_006b4580,63,0,1,246
006b45c0,FUN_006b45c0,67,0,1,194
006b4610,FUN_006b4610,128,0,1,465
006b4690,FUN_006b4690,4270,1,1,13013
006b5740,FUN_006b5740,382,0,1,1503
006b58c0,FUN_006b58c0,761,0,1,2383
006b5bc0,FUN_006b5bc0,1071,0,1,3571
006b5ff0,FUN_006b5ff0,2148,1,1,9229
006b6860,FUN_006b6860,1592,1,1,4368
006b6ea0,FUN_006b6ea0,2098,1,1,8889
006b76e0,FUN_006b76e0,5707,1,1,14716
006b8d30,FUN_006b8d30,781,2,1,2354
006b9040,FUN_006b9040,100,1,1,289
006b90b0,FUN_006b90b0,68,0,1,277
006b9100,FUN_006b9100,197,0,1,676
006b91d0,FUN_006b91d0,147,0,1,576
006b9270,FUN_006b9270,1724,1,1,7423
006b9930,FUN_006b9930,16,0,1,84
006b9940,FUN_006b9940,760,2,1,3583
006b9c40,FUN_006b9c40,665,1,1,2762
006b9ee0,FUN_006b9ee0,456,0,1,1441
006ba0b0,FUN_006ba0b0,64,0,1,184
006ba0f0,FUN_006ba0f0,141,0,1,333
006ba180,FUN_006ba180,235,0,1,745
006ba270,FUN_006ba270,72,0,1,249
006ba2c0,FUN_006ba2c0,1325,0,1,3947
006ba7f0,FUN_006ba7f0,626,0,1,2038
006baa70,FUN_006baa70,87,7,1,316
006baad0,FUN_006baad0,807,0,1,2791
006bae00,FUN_006bae00,240,2,1,938
006baef0,FUN_006baef0,39,1,1,135
006baf20,FUN_006baf20,39,2,1,135
006baf50,FUN_006baf50,26,1,1,115
006baf70,FUN_006baf70,26,1,1,114
006baf90,FUN_006baf90,26,1,1,114
006bafb0,FUN_006bafb0,2146,2,1,5551
006bb820,FUN_006bb820,155,1,1,402
006bb8c0,CArchive::operator<<,26,1,1,408
006bb8e0,FUN_006bb8e0,68,0,1,276
006bb930,FUN_006bb930,1313,7,1,4515
006bbe60,FUN_006bbe60,689,5,1,2303
006bc120,FUN_006bc120,4426,0,1,21502
006bd270,FUN_006bd270,1445,0,1,5791
006bd820,FUN_006bd820,474,2,1,1653
006bda00,FUN_006bda00,16,0,1,83
006bda10,FUN_006bda10,19,1,1,67
006bda30,FUN_006bda30,20,1,1,91
006bda50,FUN_006bda50,568,4,1,2211
006bdcb0,FUN_006bdcb0,351,1,1,1183
006bde10,FUN_006bde10,421,1,1,1661
006bdfc0,FUN_006bdfc0,236,1,1,872
006be0b0,FUN_006be0b0,1009,1,1,4106
006be4b0,FUN_006be4b0,164,1,1,645
006be560,FUN_006be560,820,1,1,3109
006be8a0,FUN_006be8a0,3695,1,1,14685
006bf710,FUN_006bf710,1267,1,1,4509
006bfc10,FUN_006bfc10,317,4,1,1229
006bfd50,FUN_006bfd50,1159,1,1,6939
006c01e0,FUN_006c01e0,1108,1,1,4962
006c0640,FUN_006c0640,496,0,1,2312
006c0830,FUN_006c0830,2998,0,1,11101
006c1410,FUN_006c1410,1742,0,1,6122
006c1ae0,FUN_006c1ae0,693,1,1,2552
006c1d95,Catch@006c1d95,86,0,1,586
006c1df1,FUN_006c1df1,85,1,1,444
006c1e50,FUN_006c1e50,797,0,1,2532
006c2170,FUN_006c2170,666,0,1,2394
006c2410,FUN_006c2410,689,0,1,2607
006c26d0,FUN_006c26d0,398,0,1,1358
006c2860,FUN_006c2860,90,0,1,335
006c28c0,FUN_006c28c0,1797,0,1,6625
006c2fd0,FUN_006c2fd0,846,0,1,3027
006c3320,FUN_006c3320,2271,0,1,8346
006c3c00,FUN_006c3c00,77,0,1,278
006c3c50,FUN_006c3c50,191,0,1,715
006c3d10,FUN_006c3d10,87,0,1,271
006c3d70,FUN_006c3d70,1667,0,1,6350
006c4400,FUN_006c4400,566,1,1,2488
006c4640,FUN_006c4640,151,0,1,535
006c46e0,FUN_006c46e0,350,0,1,1000
006c4840,FUN_006c4840,888,0,1,5456
006c4bc0,FUN_006c4bc0,3262,2,1,9910
006c587e,Catch@006c587e,83,0,1,580
006c58d7,FUN_006c58d7,102,1,1,503
006c5950,FUN_006c5950,750,2,1,3041
006c5c40,FUN_006c5c40,243,0,1,772
006c5d40,FUN_006c5d40,1056,2,1,7289
006c6160,FUN_006c6160,1306,3,1,4576
006c6680,FUN_006c6680,523,4,1,1402
006c6890,FUN_006c6890,1017,2,1,4150
006c6c90,FUN_006c6c90,303,0,1,1056
006c6dc0,FUN_006c6dc0,1057,0,1,4937
006c71f0,FUN_006c71f0,1734,1,1,7665
006c78c0,FUN_006c78c0,542,0,1,1906
006c7ae0,FUN_006c7ae0,1938,0,1,8994
006c8280,FUN_006c8280,279,0,1,1037
006c83a0,FUN_006c83a0,2676,0,1,9407
006c8e20,FUN_006c8e20,2946,1,1,6404
006c99b0,FUN_006c99b0,1956,1,1,5930
006ca160,FUN_006ca160,97,2,1,350
006ca1d0,FUN_006ca1d0,1225,2,1,4101
006ca6a0,FUN_006ca6a0,1284,3,1,4581
006cabb0,FUN_006cabb0,684,1,1,2528
006cae60,FUN_006cae60,347,3,1,1666
006cafc0,FUN_006cafc0,20,2,1,105
006cafe0,FUN_006cafe0,20,2,1,105
006cb000,FUN_006cb000,19,1,1,67
006cb020,FUN_006cb020,19,1,1,67
006cb040,FUN_006cb040,1374,2,1,3465
006cb5a0,FUN_006cb5a0,68,0,1,277
006cb5f0,FUN_006cb5f0,1037,6,1,4000
006cba00,FUN_006cba00,4179,0,1,11987
006cca80,FUN_006cca80,1267,0,1,4258
006ccf80,FUN_006ccf80,16,0,1,89
006ccf90,FUN_006ccf90,1794,0,1,6578
006cd6b0,FUN_006cd6b0,112,0,1,432
006cd720,FUN_006cd720,369,0,1,1337
006cd8a0,FUN_006cd8a0,765,0,1,2766
006cdba0,FUN_006cdba0,26,0,1,108
006cdbc0,FUN_006cdbc0,218,0,1,971
006cdca0,FUN_006cdca0,776,0,1,2713
006cdfb0,FUN_006cdfb0,188,2,1,661
006ce070,FUN_006ce070,1215,0,1,3565
006ce540,FUN_006ce540,459,1,1,1668
006ce710,FUN_006ce710,415,0,1,1632
006ce8b0,FUN_006ce8b0,3622,2,1,10001
006cf6e0,FUN_006cf6e0,531,0,1,2076
006cf900,FUN_006cf900,4289,1,1,20030
006d09d0,FUN_006d09d0,1331,1,1,3582
006d0f10,FUN_006d0f10,121,1,1,561
006d0f90,FUN_006d0f90,68,0,1,277
006d0fe0,FUN_006d0fe0,701,1,1,2812
006d12a0,FUN_006d12a0,1036,0,1,3152
006d16b0,FUN_006d16b0,287,0,1,1215
006d17d0,FUN_006d17d0,16,0,1,89
006d17e0,FUN_006d17e0,330,1,1,1234
006d1930,FUN_006d1930,298,0,1,1163
006d1a60,FUN_006d1a60,119,0,1,404
006d1ae0,FUN_006d1ae0,2353,0,1,11306
006d2430,FUN_006d2430,291,0,1,1177
006d2560,FUN_006d2560,532,0,1,1739
006d2780,FUN_006d2780,264,0,1,1116
006d2890,FUN_006d2890,316,1,1,1075
006d29d0,FUN_006d29d0,151,1,1,470
006d2a70,FUN_006d2a70,562,0,1,2153
006d2cb0,FUN_006d2cb0,1647,0,1,5120
006d3360,FUN_006d3360,308,0,1,1184
006d34a0,FUN_006d34a0,201,0,1,838
006d3570,FUN_006d3570,5023,1,1,15917
006d4920,FUN_006d4920,4144,1,1,16390
006d5950,FUN_006d5950,2035,1,1,9135
006d6150,FUN_006d6150,4895,1,1,15104
006d7470,FUN_006d7470,26,2,1,112
006d7490,FUN_006d7490,26,2,1,112
006d74b0,FUN_006d74b0,30,2,1,146
006d74d0,FUN_006d74d0,1716,2,1,4583
006d7b90,FUN_006d7b90,184,1,1,408
006d7c50,FUN_006d7c50,68,0,1,276
006d7ca0,FUN_006d7ca0,2892,0,1,8128
006d87f0,FUN_006d87f0,2179,0,1,7954
006d9080,FUN_006d9080,16,0,1,89
006d9090,FUN_006d9090,160,0,1,721
006d9130,FUN_006d9130,231,0,1,824
006d9220,FUN_006d9220,1035,0,1,3761
006d9630,FUN_006d9630,103,0,1,326
006d96a0,FUN_006d96a0,19,1,1,67
006d96c0,FUN_006d96c0,63,0,1,249
006d9700,FUN_006d9700,52,0,1,163
006d9740,FUN_006d9740,681,1,1,4189
006d99f0,FUN_006d99f0,19,1,1,67
006d9a10,FUN_006d9a10,19,1,1,67
006d9a30,FUN_006d9a30,219,0,1,734
006d9b10,FUN_006d9b10,283,0,1,1095
006d9c30,FUN_006d9c30,693,6,1,2404
006d9ef0,FUN_006d9ef0,2430,1,1,6386
006da870,FUN_006da870,58,0,1,252
006da8b0,FUN_006da8b0,1043,0,1,3464
006dacd0,FUN_006dacd0,910,0,1,3439
006db060,FUN_006db060,640,0,1,2149
006db2e0,FUN_006db2e0,300,0,1,1104
006db410,FUN_006db410,2185,1,1,6357
006dbca0,FUN_006dbca0,1460,1,1,4022
006dc260,FUN_006dc260,3469,1,1,11286
006dcff0,FUN_006dcff0,6057,1,1,18319
006de7a0,FUN_006de7a0,2370,1,1,7441
006df0f0,FUN_006df0f0,689,3,1,2552
006df3b0,FUN_006df3b0,2483,3,1,6006
006dfd70,FUN_006dfd70,235,1,1,719
006dfe60,FUN_006dfe60,68,0,1,276
006dfeb0,FUN_006dfeb0,144,2,1,488
006dff40,FUN_006dff40,144,2,1,486
006dffd0,FUN_006dffd0,634,0,1,1839
006e0250,FUN_006e0250,554,0,1,2188
006e0480,FUN_006e0480,16,0,1,87
006e0490,FUN_006e0490,210,5,1,580
006e0570,FUN_006e0570,89,0,1,415
006e05d0,FUN_006e05d0,238,0,1,826
006e06c0,FUN_006e06c0,231,0,1,826
006e07b0,FUN_006e07b0,1598,1,1,4361
006e0df0,FUN_006e0df0,19,0,1,67
006e0e10,FUN_006e0e10,281,0,1,1106
006e0f30,FUN_006e0f30,281,0,1,1106
006e1050,FUN_006e1050,70,0,1,204
006e10a0,FUN_006e10a0,107,0,1,308
006e1110,FUN_006e1110,226,0,1,744
006e1200,FUN_006e1200,44,0,1,233
006e1230,FUN_006e1230,1130,1,1,3816
006e16a0,FUN_006e16a0,332,0,1,1203
006e17f0,FUN_006e17f0,964,0,1,3308
006e1bc0,FUN_006e1bc0,108,0,1,322
006e1c30,FUN_006e1c30,510,0,1,1667
006e1e30,FUN_006e1e30,1738,1,1,4866
006e2500,FUN_006e2500,476,2,1,1742
006e26e0,FUN_006e26e0,224,2,1,997
006e27c0,FUN_006e27c0,351,1,1,1018
006e2920,FUN_006e2920,8272,2,1,19083
006e4980,FUN_006e4980,1132,1,1,3570
006e4df0,FUN_006e4df0,959,1,1,1609
006e51b0,FUN_006e51b0,176,1,1,618
006e5260,FUN_006e5260,1377,1,1,3707
006e57d0,FUN_006e57d0,346,1,1,1351
006e5930,FUN_006e5930,451,1,1,2147
006e5b00,FUN_006e5b00,480,2,1,1360
006e5ce0,FUN_006e5ce0,90,1,1,466
006e5d40,FUN_006e5d40,68,0,1,276
006e5d90,FUN_006e5d90,1085,10,1,3843
006e61d0,FUN_006e61d0,230,5,1,1114
006e62c0,FUN_006e62c0,429,0,1,1586
006e6470,FUN_006e6470,366,0,1,1499
006e65e0,FUN_006e65e0,16,0,1,84
006e65f0,FUN_006e65f0,485,0,1,1660
006e67e0,FUN_006e67e0,231,0,1,903
006e68d0,FUN_006e68d0,231,0,1,1478
006e69c0,FUN_006e69c0,231,0,1,1478
006e6ab0,FUN_006e6ab0,167,0,1,571
006e6b60,FUN_006e6b60,204,0,1,707
006e6c30,FUN_006e6c30,65,0,1,247
006e6c80,FUN_006e6c80,65,0,1,247
006e6cd0,FUN_006e6cd0,221,0,1,990
006e6db0,FUN_006e6db0,39,0,1,139
006e6de0,FUN_006e6de0,309,3,1,1142
006e6f20,FUN_006e6f20,45,0,1,177
006e6f50,FUN_006e6f50,88,0,1,406
006e6fb0,FUN_006e6fb0,85,0,1,406
006e7010,FUN_006e7010,252,0,1,1090
006e7110,FUN_006e7110,119,4,1,509
006e7190,FUN_006e7190,1827,1,1,5928
006e78c0,FUN_006e78c0,9484,2,1,31867
006e9df0,FUN_006e9df0,1973,1,1,6535
006ea5b0,FUN_006ea5b0,4167,2,1,18464
006eb600,FUN_006eb600,3330,2,1,14721
006ec310,FUN_006ec310,1111,3,1,2939
006ec770,FUN_006ec770,429,1,1,1233
006ec930,FUN_006ec930,68,0,1,276
006ec980,FUN_006ec980,520,2,1,2172
006ecb90,FUN_006ecb90,2461,2,1,7283
006ed530,FUN_006ed530,905,0,1,3164
006ed8c0,FUN_006ed8c0,20,5,1,106
006ed8e0,FUN_006ed8e0,20,16,1,106
006ed900,FUN_006ed900,16,0,1,82
006ed910,FUN_006ed910,1094,1,1,3480
006edd60,FUN_006edd60,2266,2,1,7269
006ee640,FUN_006ee640,500,2,1,1609
006ee840,FUN_006ee840,522,2,1,1613
006eea50,FUN_006eea50,1164,1,1,4450
006eeee0,FUN_006eeee0,458,1,1,2032
006ef0b0,FUN_006ef0b0,662,0,1,2311
006ef350,FUN_006ef350,3135,0,1,21784
006effb0,FUN_006effb0,731,0,1,3030
006f0290,FUN_006f0290,61,0,1,206
006f02d0,FUN_006f02d0,48,0,1,166
006f0300,FUN_006f0300,35,0,1,126
006f0330,FUN_006f0330,83,1,1,300
006f0390,FUN_006f0390,181,1,1,584
006f0450,FUN_006f0450,193,0,1,711
006f0520,FUN_006f0520,369,0,1,1419
006f06a0,FUN_006f06a0,25,2,1,128
006f06c0,FUN_006f06c0,310,0,1,1224
006f0800,FUN_006f0800,977,0,1,3750
006f0be0,FUN_006f0be0,1184,2,1,4338
006f1080,FUN_006f1080,312,0,1,1222
006f11c0,FUN_006f11c0,812,1,1,2959
006f14f0,FUN_006f14f0,25,3,1,67
006f1510,FUN_006f1510,3544,0,1,10408
006f22f0,FUN_006f22f0,2691,0,1,9498
006f2d80,FUN_006f2d80,441,1,1,1847
006f2f50,FUN_006f2f50,446,1,1,1473
006f3110,FUN_006f3110,663,1,1,2667
006f33b0,IsQuickAccessToolbarOnTop,56,2,1,425
006f33f0,FUN_006f33f0,20,2,1,106
006f3410,FUN_006f3410,20,3,1,106
006f3430,FUN_006f3430,20,3,1,106
006f3450,FUN_006f3450,20,4,1,106
006f3470,FUN_006f3470,20,3,1,106
006f3490,FUN_006f3490,4624,1,1,17568
006f46a0,FUN_006f46a0,5606,1,1,27088
006f5c90,FUN_006f5c90,1191,1,1,3229
006f6140,FUN_006f6140,5748,2,1,15691
006f77c0,FUN_006f77c0,30,1,1,146
006f77e0,FUN_006f77e0,1097,22,1,2355
006f7c30,FUN_006f7c30,56,35,1,169
006f7c70,FUN_006f7c70,68,0,1,276
006f7cc0,FUN_006f7cc0,2295,14,1,8103
006f85c0,FUN_006f85c0,936,13,1,3649
006f8970,FUN_006f8970,16,0,1,86
006f8980,FUN_006f8980,601,3,1,1908
006f8be0,FUN_006f8be0,485,4,1,1737
006f8e00,FUN_006f8e00,268,0,1,1033
006f8f10,FUN_006f8f10,5695,13,1,15248
006fa580,FUN_006fa580,4520,6,1,15306
006fb760,FUN_006fb760,1092,10,1,3059
006fbbb0,FUN_006fbbb0,58,11,1,184
006fbbf0,FUN_006fbbf0,68,6,1,222
006fbc40,FUN_006fbc40,841,4,1,3014
006fbf90,FUN_006fbf90,1103,4,1,3576
006fc3e0,FUN_006fc3e0,33,1,1,139
006fc410,FUN_006fc410,15,0,1,56
006fc420,FUN_006fc420,241,0,1,1026
006fc520,FUN_006fc520,1095,0,1,3625
006fc970,FUN_006fc970,353,2,1,1432
006fcae0,FUN_006fcae0,25,4,1,76
006fcb00,FUN_006fcb00,999,0,1,3420
006fcef0,FUN_006fcef0,845,0,1,3118
006fd240,FUN_006fd240,2057,15,1,6290
006fda50,FUN_006fda50,25,4,1,76
006fda70,FUN_006fda70,2158,14,1,6870
006fe2f0,FUN_006fe2f0,229,7,1,953
006fe3e0,FUN_006fe3e0,1861,2,1,7542
006feb30,FUN_006feb30,109,2,1,526
006feba0,FUN_006feba0,1370,2,1,4753
006ff100,FUN_006ff100,4912,2,1,16781
00700440,FUN_00700440,279,2,1,1095
00700560,FUN_00700560,2949,2,1,10428
007010f0,FUN_007010f0,4301,1,1,17051
007021e0,FUN_007021e0,4182,2,1,14289
00703260,FUN_00703260,677,2,1,1748
00703510,FUN_00703510,184,1,1,469
007035d0,FUN_007035d0,68,0,1,276
00703620,FUN_00703620,764,0,1,2525
00703920,FUN_00703920,310,0,1,1100
00703a60,FUN_00703a60,16,0,1,85
00703a70,FUN_00703a70,224,0,1,826
00703b50,FUN_00703b50,224,0,1,826
00703c30,FUN_00703c30,74,0,1,190
00703c80,FUN_00703c80,91,0,1,230
00703ce0,FUN_00703ce0,174,0,1,568
00703d90,FUN_00703d90,512,4,1,1924
00703f90,FUN_00703f90,1764,1,1,5288
00704680,FUN_00704680,375,0,1,1495
00704800,FUN_00704800,401,0,1,1524
007049a0,FUN_007049a0,1526,1,1,4642
00704fa0,FUN_00704fa0,991,2,1,3409
00705380,FUN_00705380,1429,2,1,4556
00705920,FUN_00705920,1019,1,1,3139
00705d20,FUN_00705d20,1246,2,1,3449
00706200,FUN_00706200,350,1,1,825
00706360,FUN_00706360,68,0,1,276
007063b0,FUN_007063b0,1640,0,1,5537
00706a20,FUN_00706a20,212,0,1,784
00706b00,FUN_00706b00,16,0,1,85
00706b10,FUN_00706b10,252,0,1,949
00706c10,FUN_00706c10,252,0,1,949
00706d10,FUN_00706d10,320,0,1,1242
00706e50,FUN_00706e50,186,0,1,733
00706f10,FUN_00706f10,48,0,1,167
00706f40,FUN_00706f40,48,0,1,167
00706f70,FUN_00706f70,48,0,1,167
00706fa0,FUN_00706fa0,48,0,1,167
00706fd0,FUN_00706fd0,48,0,1,167
00707000,FUN_00707000,51,0,1,167
00707040,FUN_00707040,91,0,1,230
007070a0,FUN_007070a0,138,0,1,516
00707130,FUN_00707130,1955,0,1,6656
007078e0,FUN_007078e0,360,0,1,1452
00707a50,FUN_00707a50,448,2,1,1553
00707c10,FUN_00707c10,329,2,1,1324
00707d60,FUN_00707d60,6734,3,1,17042
007097b0,FUN_007097b0,48,0,1,167
007097e0,FUN_007097e0,339,0,1,1342
00709940,FUN_00709940,5023,2,1,17908
0070ace0,FUN_0070ace0,369,1,1,1387
0070ae60,FUN_0070ae60,1802,1,1,4527
0070b570,FUN_0070b570,894,2,1,1907
0070b8f0,FUN_0070b8f0,405,1,1,1877
0070ba90,FUN_0070ba90,692,1,1,1797
0070bd50,FUN_0070bd50,738,1,1,1797
0070c040,FUN_0070c040,690,1,1,1789
0070c300,FUN_0070c300,1149,3,1,3013
0070c780,FUN_0070c780,82,3,1,211
0070c7e0,FUN_0070c7e0,49,3,1,181
0070c820,FUN_0070c820,68,0,1,276
0070c870,FUN_0070c870,519,5,1,1961
0070ca80,FUN_0070ca80,74,1,1,300
0070cad0,FUN_0070cad0,253,2,1,1128
0070cbd0,FUN_0070cbd0,223,0,1,902
0070ccb0,FUN_0070ccb0,312,0,1,1307
0070cdf0,FUN_0070cdf0,16,0,1,86
0070ce00,FUN_0070ce00,3289,2,1,10144
0070dae0,FUN_0070dae0,310,2,1,1102
0070dc20,FUN_0070dc20,1288,8,1,4347
0070e130,FUN_0070e130,91,0,1,417
0070e190,FUN_0070e190,607,0,1,2109
0070e400,FUN_0070e400,379,0,1,1178
0070e580,FUN_0070e580,283,1,1,1194
0070e6a0,FUN_0070e6a0,183,1,1,714
0070e760,FUN_0070e760,388,1,1,1582
0070e8f0,FUN_0070e8f0,410,2,1,1645
0070ea90,FUN_0070ea90,169,1,1,568
0070eb40,FUN_0070eb40,250,0,1,945
0070ec40,FUN_0070ec40,282,0,1,1213
0070ed60,FUN_0070ed60,428,0,1,1652
0070ef10,FUN_0070ef10,679,0,1,2242
0070f1c0,FUN_0070f1c0,1153,0,1,3802
0070f650,FUN_0070f650,560,0,1,2014
0070f880,FUN_0070f880,947,0,1,3388
0070fc60,FUN_0070fc60,2138,0,1,7242
007104c0,FUN_007104c0,718,1,1,2391
00710790,FUN_00710790,20,1,1,105
007107b0,FUN_007107b0,364,1,1,1512
00710920,FUN_00710920,7743,1,1,27267
00712760,FUN_00712760,1026,3,1,3492
00712b70,FUN_00712b70,178,0,1,879
00712c30,FUN_00712c30,449,1,1,1486
00712e00,FUN_00712e00,249,1,1,1631
00712f00,FUN_00712f00,8256,2,1,24564
00714f40,FUN_00714f40,1759,1,1,4655
00715620,FUN_00715620,1451,2,1,3336
00715bd0,FUN_00715bd0,387,1,1,1088
00715d60,FUN_00715d60,68,0,1,277
00715db0,FUN_00715db0,404,1,1,1447
00715f50,FUN_00715f50,1403,0,1,4999
007164d0,FUN_007164d0,1577,0,1,6092
00716b00,FUN_00716b00,15,0,1,56
00716b10,FUN_00716b10,16,0,1,88
00716b20,FUN_00716b20,2851,2,1,9402
00717650,FUN_00717650,1628,8,1,5244
00717cc0,FUN_00717cc0,298,9,1,1125
00717df0,FUN_00717df0,159,9,1,463
00717eb0,FUN_00717eb0,231,0,1,739
00717fa0,FUN_00717fa0,1048,0,1,3523
007183c0,FUN_007183c0,366,0,1,1317
00718530,FUN_00718530,158,0,1,595
007185d0,FUN_007185d0,66,0,1,167
00718620,FUN_00718620,1094,0,1,4026
00718a70,FUN_00718a70,75,0,1,349
00718ac0,FUN_00718ac0,916,0,1,3505
00718e60,FUN_00718e60,1490,1,1,4939
00719440,FUN_00719440,317,0,1,1418
00719580,FUN_00719580,1702,0,1,5920
00719c30,FUN_00719c30,312,6,1,1133
00719d70,FUN_00719d70,312,1,1,1142
00719eb0,FUN_00719eb0,401,0,1,1567
0071a050,FUN_0071a050,2834,0,1,10178
0071ab70,FUN_0071ab70,131,2,1,535
0071ac00,FUN_0071ac00,730,2,1,1783
0071aee0,FUN_0071aee0,56,1,1,169
0071af20,FUN_0071af20,68,0,1,276
0071af70,FUN_0071af70,1226,6,1,4790
0071b440,FUN_0071b440,557,9,1,1699
0071b670,FUN_0071b670,4878,0,1,12668
0071c980,FUN_0071c980,1580,0,1,6742
0071cfb0,FUN_0071cfb0,16,0,1,86
0071cfc0,FUN_0071cfc0,296,1,1,921
0071d0f0,FUN_0071d0f0,95,0,1,495
0071d150,FUN_0071d150,1003,0,1,3547
0071d570,FUN_0071d570,345,0,1,1173
0071d6d0,FUN_0071d6d0,389,0,1,1601
0071d860,FUN_0071d860,281,0,1,1065
0071d980,FUN_0071d980,225,0,1,895
0071da70,FUN_0071da70,225,0,1,895
0071db60,FUN_0071db60,211,0,1,821
0071dc40,FUN_0071dc40,107,4,1,410
0071dcb0,FUN_0071dcb0,175,1,1,605
0071dd60,FUN_0071dd60,94,1,1,348
0071ddc0,FUN_0071ddc0,54,0,1,211
0071de00,FUN_0071de00,426,0,1,1546
0071dfb0,FUN_0071dfb0,39,0,1,139
0071dfe0,FUN_0071dfe0,155,0,1,536
0071e080,FUN_0071e080,800,3,1,2287
0071e3a0,FUN_0071e3a0,178,3,1,815
0071e460,FUN_0071e460,799,7,1,2496
0071e780,FUN_0071e780,326,2,1,1356
0071e8d0,FUN_0071e8d0,3952,0,1,11513
0071f840,FUN_0071f840,588,0,1,2049
0071fa90,FUN_0071fa90,357,1,1,1226
0071fc00,FUN_0071fc00,310,2,1,1499
0071fd40,FUN_0071fd40,210,0,1,969
0071fe20,FUN_0071fe20,1029,2,1,2541
00720230,FUN_00720230,484,2,1,1686
00720420,FUN_00720420,375,2,1,901
007205a0,FUN_007205a0,792,1,1,2371
007208c0,FUN_007208c0,176,2,1,690
00720970,FUN_00720970,890,2,1,2899
00720cf0,FUN_00720cf0,765,1,1,4426
00720ff0,FUN_00720ff0,1552,3,1,6685
00721610,FUN_00721610,26,1,1,114
00721630,FUN_00721630,975,4,1,2751
00721a00,FUN_00721a00,68,0,1,277
00721a50,FUN_00721a50,3204,0,1,10283
007226e0,FUN_007226e0,883,0,1,3508
00722a60,FUN_00722a60,16,0,1,88
00722a70,FUN_00722a70,75,0,1,311
00722ac0,FUN_00722ac0,1678,0,1,7218
00723150,FUN_00723150,298,0,1,1197
00723280,FUN_00723280,36,0,1,145
007232b0,FUN_007232b0,463,0,1,1791
00723480,FUN_00723480,198,0,1,877
00723550,FUN_00723550,198,0,1,876
00723620,FUN_00723620,110,0,1,457
00723690,FUN_00723690,19,1,1,67
007236b0,FUN_007236b0,19,1,1,67
007236d0,FUN_007236d0,19,1,1,67
007236f0,FUN_007236f0,63,0,1,202
00723730,FUN_00723730,177,0,1,612
007237f0,FUN_007237f0,491,0,1,3113
007239e0,FUN_007239e0,198,0,1,960
00723ab0,FUN_00723ab0,2354,1,1,7418
007243f0,FUN_007243f0,1106,0,1,4261
00724850,FUN_00724850,125,0,1,582
007248d0,FUN_007248d0,225,0,1,1013
007249c0,FUN_007249c0,2834,3,1,8356
007254e0,FUN_007254e0,264,3,1,1123
007255f0,FUN_007255f0,722,4,1,2289
007258d0,FUN_007258d0,2587,2,1,7394
007262f0,FUN_007262f0,427,1,1,2013
007264a0,FUN_007264a0,8964,2,1,32185
007287b0,FUN_007287b0,1787,2,1,5565
00728eb0,FUN_00728eb0,3864,2,1,11710
00729dd0,FUN_00729dd0,1961,2,1,12403
0072a580,FUN_0072a580,2661,2,1,5983
0072aff0,FUN_0072aff0,235,1,1,717
0072b0e0,FUN_0072b0e0,68,0,1,276
0072b130,FUN_0072b130,144,2,1,488
0072b1c0,FUN_0072b1c0,144,2,1,486
0072b250,FUN_0072b250,1790,0,1,5991
0072b950,FUN_0072b950,476,0,1,1711
0072bb30,FUN_0072bb30,20,1,1,105
0072bb50,FUN_0072bb50,20,1,1,105
0072bb70,FUN_0072bb70,20,1,1,105
0072bb90,FUN_0072bb90,16,0,1,85
0072bba0,FUN_0072bba0,20,1,1,105
0072bbc0,FUN_0072bbc0,20,1,1,105
0072bbe0,FUN_0072bbe0,249,7,1,674
0072bce0,FUN_0072bce0,290,0,1,1331
0072be10,FUN_0072be10,252,0,1,949
0072bf10,FUN_0072bf10,252,0,1,949
0072c010,FUN_0072c010,1903,1,1,5270
0072c780,FUN_0072c780,19,0,1,67
0072c7a0,FUN_0072c7a0,38,0,1,199
0072c7d0,FUN_0072c7d0,142,0,1,434
0072c860,FUN_0072c860,221,0,1,861
0072c940,FUN_0072c940,124,2,1,581
0072c9c0,FUN_0072c9c0,52,1,1,142
0072ca00,FUN_0072ca00,1990,1,1,6814
0072d1d0,FUN_0072d1d0,838,0,1,2262
0072d520,FUN_0072d520,35,1,1,147
0072d550,FUN_0072d550,35,2,1,147
0072d580,FUN_0072d580,52,1,1,142
0072d5c0,FUN_0072d5c0,1521,1,1,4934
0072dbc0,FUN_0072dbc0,499,0,1,1654
0072ddc0,FUN_0072ddc0,2199,1,1,6144
0072e660,FUN_0072e660,536,2,1,1858
0072eac0,FUN_0072eac0,81,0,1,272
0072eb20,FUN_0072eb20,830,2,1,3109
0072ee60,FUN_0072ee60,351,2,1,1018
0072efc0,FUN_0072efc0,5943,2,1,14495
00730700,FUN_00730700,1077,1,1,3177
00730b40,FUN_00730b40,546,2,1,1612
00730d70,FUN_00730d70,1024,2,1,3121
00731170,FUN_00731170,1377,1,1,3705
007316e0,FUN_007316e0,346,1,1,1351
00731840,FUN_00731840,451,1,1,2147
00731a10,FUN_00731a10,541,2,1,1500
00731c30,FUN_00731c30,158,1,1,392
00731cd0,FUN_00731cd0,68,0,1,276
00731d20,FUN_00731d20,657,0,1,2093
00731fc0,FUN_00731fc0,57,0,1,235
00732000,FUN_00732000,16,0,1,82
00732010,FUN_00732010,488,1,1,1813
00732200,FUN_00732200,722,2,1,2570
007324e0,FUN_007324e0,224,0,1,823
007325c0,FUN_007325c0,76,0,1,289
00732610,FUN_00732610,60,0,1,219
00732650,FUN_00732650,109,0,1,421
007326c0,FUN_007326c0,106,0,1,456
00732730,FUN_00732730,1001,1,1,3235
00732b20,FUN_00732b20,443,0,1,1736
